respondent_id,s1,s2,s3,s4,s5,s6,s7,s8,s9,s10,faculty,department_id
f01r01,4,4,4,4,4,4,4,4,4,4,f01,cit
f01r02,4,4,4,4,4,4,4,4,4,4,f01,cit
f01r03,4,4,4,4,4,4,4,4,4,4,f01,cit
f01r04,4,4,4,4,4,4,4,4,4,4,f01,cit
f01r05,4,4,4,4,4,4,4,4,4,4,f01,cit
f01r06,4,4,4,4,4,4,4,4,4,4,f01,cit
f01r07,4,4,4,4,4,4,4,4,4,4,f01,cit
f01r08,4,4,4,4,4,4,4,4,4,4,f01,cit
f01r09,4,4,4,4,4,4,4,4,4,4,f01,cit
f01r10,3,2,2,3,3,2,2,3,3,3,f01,cit
f01r11,4,4,4,4,4,4,4,4,4,4,f01,cit
f01r12,4,4,4,4,4,4,4,4,4,4,f01,cit
f01r13,4,4,4,4,4,4,4,4,4,4,f01,cit
f01r14,4,4,4,4,4,4,4,4,4,4,f01,cit
f01r15,4,4,4,4,4,4,4,4,4,4,f01,cit
f01r16,4,4,4,4,4,4,4,4,4,4,f01,cit
f01r17,4,4,4,4,4,4,4,4,4,4,f01,cit
f01r18,4,4,4,4,4,4,4,4,4,4,f01,cit
f01r19,4,4,4,4,4,4,4,4,4,4,f01,cit
f01r20,4,4,4,4,4,4,4,4,4,4,f01,cit
f01r21,4,4,4,4,4,4,4,4,4,4,f01,cit
f01r22,4,4,4,4,4,4,4,4,4,4,f01,cit
f01r23,4,4,4,4,4,4,4,4,4,4,f01,cit
f01r24,3,3,3,3,3,3,3,3,3,3,f01,cit
f01r25,4,3,3,3,3,4,4,4,4,4,f01,cit
f01r26,3,3,3,3,3,3,3,3,3,3,f01,cit
f01r27,3,3,3,3,2,3,3,3,2,3,f01,cit
f02r01,4,4,4,4,4,4,4,4,4,4,f02,cit
f02r02,4,4,4,4,4,4,4,4,4,4,f02,cit
f02r03,4,4,4,4,4,4,4,4,4,4,f02,cit
f02r04,4,4,4,4,4,4,4,4,4,4,f02,cit
f02r05,4,4,4,4,4,4,4,4,4,4,f02,cit
f02r06,4,4,4,4,4,4,4,4,4,4,f02,cit
f02r07,4,4,4,4,4,4,4,4,4,4,f02,cit
f02r08,4,4,4,4,4,4,4,4,4,4,f02,cit
f02r09,4,4,4,4,4,4,4,4,4,4,f02,cit
f02r10,4,4,4,4,4,4,4,4,4,4,f02,cit
f02r11,4,4,4,4,4,4,4,4,4,4,f02,cit
f02r12,4,4,4,4,4,4,4,4,4,4,f02,cit
f02r13,4,4,4,4,4,4,4,4,4,4,f02,cit
f02r14,4,4,4,4,4,4,4,4,4,4,f02,cit
f02r15,4,4,4,4,4,4,4,4,4,4,f02,cit
f02r16,4,4,4,4,4,4,4,4,4,4,f02,cit
f02r17,4,4,4,4,4,4,4,4,4,4,f02,cit
f02r18,4,4,4,4,4,4,4,4,4,4,f02,cit
f02r19,4,4,4,4,4,4,4,4,4,4,f02,cit
f02r20,4,4,4,4,4,4,4,4,4,4,f02,cit
f02r21,4,4,4,4,4,4,4,4,4,4,f02,cit
f02r22,4,4,4,4,4,4,4,4,4,4,f02,cit
f02r23,4,4,4,4,4,4,4,4,4,4,f02,cit
f02r24,3,3,3,3,3,3,3,3,3,3,f02,cit
f02r25,4,4,4,3,4,3,3,3,3,4,f02,cit
f02r26,4,4,4,4,4,4,4,4,4,4,f02,cit
f02r27,4,4,4,4,4,4,4,4,4,4,f02,cit
f02r28,3,3,3,3,3,3,3,3,3,3,f02,cit
f02r29,4,4,4,4,4,4,4,4,4,4,f02,cit
f02r30,3,3,3,3,3,3,3,3,3,3,f02,cit
f02r31,4,4,4,4,4,4,4,3,4,4,f02,cit
f02r32,4,4,4,4,4,4,4,4,4,4,f02,cit
f02r33,4,4,4,4,4,4,4,4,4,4,f02,cit
f03r01,4,4,4,4,4,4,4,4,4,,f03,gs
f03r02,4,4,4,4,4,4,4,4,4,,f03,gs
f03r03,4,4,4,4,4,4,4,4,4,,f03,gs
f03r04,4,4,4,4,4,4,4,4,4,,f03,gs
f03r05,4,4,4,4,4,4,4,4,4,,f03,gs
f03r06,4,4,4,4,4,4,4,4,4,,f03,gs
f03r07,4,4,4,4,4,4,4,4,4,,f03,gs
f03r08,4,4,4,4,4,4,4,4,4,,f03,gs
f03r09,4,4,4,4,4,4,4,4,4,,f03,gs
f03r10,4,4,4,4,4,4,4,4,4,,f03,gs
f03r11,4,4,4,4,4,4,4,4,4,,f03,gs
f03r12,4,4,4,4,4,4,4,4,4,,f03,gs
f03r13,4,4,4,4,4,4,4,4,4,,f03,gs
f03r14,4,4,4,4,4,4,4,4,4,,f03,gs
f04r01,4,4,4,4,4,4,4,4,4,4,f04,cit
f04r02,4,4,4,4,4,4,4,4,4,4,f04,cit
f04r03,4,4,4,4,4,4,4,4,4,4,f04,cit
f04r04,4,4,4,4,4,4,4,4,4,4,f04,cit
f04r05,4,4,4,4,4,4,4,4,4,4,f04,cit
f04r06,4,4,4,4,4,4,4,4,4,4,f04,cit
f04r07,4,4,4,4,4,4,4,4,4,4,f04,cit
f04r08,4,4,4,4,4,4,4,4,4,4,f04,cit
f04r09,3,3,3,4,4,4,3,3,3,3,f04,cit
f04r10,4,4,4,4,4,4,4,4,4,4,f04,cit
f05r01,4,4,4,4,4,4,4,4,4,4,f05,mc
f05r02,4,4,4,4,4,4,4,4,4,4,f05,mc
f05r03,4,4,4,4,4,4,4,4,4,4,f05,mc
f05r04,4,4,4,4,4,4,4,4,4,4,f05,mc
f05r05,4,3,3,4,4,4,3,4,4,4,f05,mc
f05r06,4,4,4,4,4,4,4,4,4,4,f05,mc
f05r07,4,4,4,4,4,4,4,4,4,4,f05,mc
f05r08,4,4,4,4,4,4,4,4,4,4,f05,mc
f05r09,4,4,4,4,4,4,4,4,4,4,f05,mc
f05r10,4,4,4,4,4,4,4,4,4,4,f05,mc
f05r11,4,4,4,4,4,4,4,4,4,4,f05,mc
f05r12,4,4,4,4,4,4,4,4,4,4,f05,mc
f05r13,4,4,4,4,4,4,4,4,4,4,f05,mc
f05r14,4,3,4,4,4,4,4,4,4,4,f05,mc
f05r15,3,3,4,3,3,3,3,3,4,4,f05,mc
f05r16,4,4,4,4,4,4,4,4,4,4,f05,mc
f05r17,4,4,4,4,4,4,4,4,4,4,f05,mc
f05r18,3,3,4,4,4,4,3,3,3,4,f05,mc
f05r19,4,4,4,4,4,4,4,4,4,4,f05,mc
f05r20,4,4,4,4,4,4,4,4,4,4,f05,mc
f05r21,4,4,4,4,4,4,4,4,4,4,f05,mc
f06r01,4,4,4,4,4,4,4,4,4,4,f06,cit
f06r02,4,4,4,4,4,4,4,4,4,4,f06,cit
f06r03,3,3,3,3,3,3,3,3,3,4,f06,cit
f06r04,4,4,4,4,4,4,4,4,4,4,f06,cit
f06r05,4,4,4,4,4,4,4,4,4,4,f06,cit
f06r06,4,4,4,4,4,4,4,4,4,4,f06,cit
f06r07,4,4,4,4,4,4,4,4,4,4,f06,cit
f06r08,3,4,3,4,3,4,4,4,4,4,f06,cit
f06r09,3,4,4,4,3,4,4,3,4,3,f06,cit
f06r10,4,4,4,4,4,4,4,4,4,4,f06,cit
f06r11,4,4,4,4,4,4,4,4,4,4,f06,cit
f06r12,3,3,4,4,4,4,4,4,4,4,f06,cit
f06r13,4,4,4,4,4,4,4,4,4,4,f06,cit
f06r14,4,4,4,4,4,4,4,4,4,4,f06,cit
f06r15,4,4,4,4,4,4,4,4,4,4,f06,cit
f06r16,4,4,4,4,4,4,4,4,4,4,f06,cit
f06r17,4,4,4,4,4,4,4,4,4,4,f06,cit
f06r18,4,4,4,4,4,4,4,4,4,4,f06,cit
f06r19,4,4,4,4,4,4,4,4,4,4,f06,cit
f06r20,4,4,4,4,4,4,4,4,4,4,f06,cit
f06r21,3,3,3,3,3,3,3,3,3,3,f06,cit
f06r22,4,4,4,4,4,4,4,4,4,4,f06,cit
f06r23,3,3,3,3,2,3,3,3,3,4,f06,cit
f06r24,3,3,3,4,4,4,4,4,4,4,f06,cit
f06r25,4,4,4,4,4,4,4,4,4,4,f06,cit
f06r26,4,4,4,4,4,4,4,4,4,4,f06,cit
f06r27,4,4,4,4,4,4,4,4,4,4,f06,cit
f06r28,4,4,4,4,4,4,4,4,4,4,f06,cit
f06r29,4,4,4,4,4,4,4,4,4,4,f06,cit
f06r30,4,4,4,4,4,4,4,4,4,4,f06,cit
f07r01,4,4,4,4,4,4,4,4,4,4,f07,cit
f07r02,4,4,4,4,4,4,4,4,4,4,f07,cit
f07r03,4,4,4,4,4,4,4,4,4,4,f07,cit
f07r04,3,3,3,3,3,4,3,4,4,4,f07,cit
f07r05,4,4,4,4,4,4,4,4,4,4,f07,cit
f07r06,4,4,4,4,4,4,4,4,4,4,f07,cit
f07r07,4,4,4,4,4,4,4,4,4,4,f07,cit
f07r08,3,4,4,4,4,3,4,4,4,4,f07,cit
f07r09,4,4,4,4,4,4,4,4,4,4,f07,cit
f07r10,4,4,4,4,4,4,4,4,4,4,f07,cit
f08r01,4,4,4,4,4,4,4,4,4,4,f08,cit
f08r02,4,4,4,4,4,4,4,4,4,4,f08,cit
f08r03,4,4,4,4,4,4,4,4,4,4,f08,cit
f08r04,4,4,4,4,4,4,4,4,4,4,f08,cit
f08r05,4,4,4,4,4,4,4,4,4,4,f08,cit
f08r06,4,4,4,4,4,4,4,4,4,4,f08,cit
f08r07,4,4,4,4,4,4,4,4,4,4,f08,cit
f08r08,4,4,4,4,4,4,4,4,4,4,f08,cit
f08r09,4,4,4,4,4,4,4,4,4,4,f08,cit
f08r10,4,4,4,4,4,4,4,4,4,4,f08,cit
f08r11,3,3,3,4,4,4,4,4,4,3,f08,cit
f08r12,4,4,4,4,4,4,4,4,4,4,f08,cit
f08r13,4,4,4,4,4,4,4,4,4,4,f08,cit
f08r14,4,4,4,4,4,4,4,4,4,4,f08,cit
f08r15,4,4,4,4,4,4,4,4,4,4,f08,cit
f08r16,4,4,4,4,4,4,4,4,4,4,f08,cit
f08r17,4,4,4,4,4,4,4,4,4,4,f08,cit
f08r18,4,4,4,4,4,4,4,4,4,4,f08,cit
f08r19,4,4,4,4,4,4,4,4,4,4,f08,cit
f08r20,4,4,4,4,4,4,4,4,4,4,f08,cit
f08r21,3,3,4,4,4,4,3,4,4,4,f08,cit
f08r22,4,4,4,4,4,4,4,4,4,4,f08,cit
f08r23,4,4,4,4,4,4,4,4,4,4,f08,cit
f08r24,4,4,4,4,4,4,4,4,4,4,f08,cit
f08r25,4,4,4,4,4,4,4,4,4,4,f08,cit
f08r26,4,4,4,4,4,4,4,4,4,4,f08,cit
f09r01,4,4,4,4,4,4,4,4,4,4,f09,cit
f09r02,4,4,4,4,4,4,4,4,4,4,f09,cit
f09r03,4,4,4,4,4,4,4,4,4,4,f09,cit
f09r04,4,4,4,4,4,4,4,4,4,4,f09,cit
f09r05,4,4,4,4,4,4,4,4,4,4,f09,cit
f09r06,4,4,4,4,4,4,4,4,4,4,f09,cit
f09r07,4,4,4,4,4,4,4,4,4,4,f09,cit
f09r08,4,4,4,3,4,4,3,4,4,3,f09,cit
f09r09,4,4,4,4,4,4,4,4,4,4,f09,cit
f09r10,4,4,4,4,4,4,4,4,4,4,f09,cit
f09r11,4,4,4,4,4,4,4,4,4,4,f09,cit
f09r12,4,4,4,4,4,4,4,4,4,4,f09,cit
f10r01,4,4,4,4,4,4,4,4,4,4,f10,gs
f10r02,4,4,4,4,4,4,4,4,4,4,f10,gs
f10r03,4,4,4,4,4,4,4,4,4,4,f10,gs
f10r04,4,4,4,4,4,4,4,4,4,4,f10,gs
f10r05,4,4,4,4,4,4,4,4,4,4,f10,gs
f10r06,4,4,4,4,4,4,4,4,4,4,f10,gs
f10r07,4,4,4,4,4,4,4,4,4,4,f10,gs
f10r08,4,4,4,4,4,4,4,4,4,4,f10,gs
f10r09,4,4,4,4,4,4,4,4,4,4,f10,gs
f10r10,4,4,4,4,4,4,4,4,4,4,f10,gs
f10r11,4,4,4,4,4,4,4,4,4,4,f10,gs
f10r12,4,4,4,4,4,4,4,4,4,4,f10,gs
f10r13,4,4,4,4,4,4,4,4,4,4,f10,gs
f10r14,4,4,4,4,4,4,4,4,4,4,f10,gs
f10r15,4,4,4,4,4,4,4,4,4,4,f10,gs
f10r16,4,4,4,3,4,4,4,4,4,4,f10,gs
f10r17,4,4,4,4,4,4,4,4,4,4,f10,gs
f10r18,4,4,4,4,4,4,4,4,4,4,f10,gs
f11r01,3,4,4,4,4,3,4,3,4,4,f11,cit
f11r02,4,4,4,4,4,4,4,4,4,4,f11,cit
f11r03,4,4,4,4,4,4,4,4,4,4,f11,cit
f11r04,4,4,4,4,4,4,4,4,4,4,f11,cit
f11r05,4,4,4,4,4,4,4,4,4,4,f11,cit
f11r06,4,4,4,4,4,4,4,4,4,4,f11,cit
f11r07,4,4,4,4,4,4,4,4,4,4,f11,cit
f11r08,3,4,4,4,4,4,4,3,3,4,f11,cit
f11r09,4,4,4,4,4,4,4,4,4,4,f11,cit
f11r10,4,4,4,4,4,4,4,4,4,4,f11,cit
f11r11,4,4,4,4,4,4,4,4,4,4,f11,cit
f11r12,4,4,4,4,4,4,4,4,4,4,f11,cit
f11r13,4,4,4,4,4,4,4,4,4,4,f11,cit
f11r14,4,4,4,4,4,4,4,4,4,4,f11,cit
f11r15,4,4,4,4,4,4,4,4,4,4,f11,cit
f11r16,4,4,4,4,4,4,4,4,4,4,f11,cit
f11r17,4,3,4,4,4,4,4,4,4,4,f11,cit
f11r18,4,4,4,4,4,4,4,4,4,4,f11,cit
f11r19,4,4,4,4,4,4,4,4,4,4,f11,cit
f11r20,3,3,4,4,4,4,4,4,4,4,f11,cit
f11r21,4,4,4,4,4,4,4,4,4,4,f11,cit
f11r22,4,4,4,4,4,4,4,4,4,4,f11,cit
f11r23,4,4,4,4,4,4,4,4,4,4,f11,cit
f11r24,4,4,4,4,4,4,4,4,4,4,f11,cit
f11r25,4,4,4,4,4,4,4,4,4,4,f11,cit
f11r26,4,4,4,4,4,4,4,4,4,4,f11,cit
f11r27,4,4,4,4,4,4,4,4,4,4,f11,cit
f11r28,4,4,4,4,4,4,4,4,4,4,f11,cit
f11r29,4,4,4,4,4,4,3,4,4,4,f11,cit
f11r30,4,4,4,4,4,4,4,4,4,4,f11,cit
f11r31,4,4,4,4,4,4,4,4,4,4,f11,cit
f11r32,4,4,4,4,4,4,4,4,4,4,f11,cit
f11r33,4,4,4,4,4,4,4,4,4,4,f11,cit
f12r01,4,3,3,4,3,4,4,4,4,4,f12,cit
f12r02,4,4,4,4,4,4,4,4,4,4,f12,cit
f12r03,4,4,4,3,4,4,4,3,4,4,f12,cit
f12r04,4,4,4,4,4,4,4,4,4,4,f12,cit
f12r05,4,4,4,4,4,4,4,4,4,4,f12,cit
f12r06,4,3,4,4,4,4,4,4,4,4,f12,cit
f12r07,4,4,4,4,4,4,4,4,4,4,f12,cit
f12r08,4,4,4,4,4,4,4,4,4,4,f12,cit
f12r09,4,4,4,4,4,4,4,4,4,4,f12,cit
f12r10,3,3,4,3,3,4,3,4,4,3,f12,cit
f12r11,4,4,4,4,4,4,4,4,4,4,f12,cit
f12r12,4,4,4,4,4,4,4,4,4,4,f12,cit
f12r13,4,4,4,4,4,4,4,4,4,4,f12,cit
f12r14,4,4,4,4,4,4,4,4,4,4,f12,cit
f12r15,4,4,4,4,4,4,4,4,4,4,f12,cit
f12r16,4,4,4,4,4,4,4,4,4,4,f12,cit
f12r17,4,4,4,4,4,4,4,4,4,4,f12,cit
f12r18,4,3,4,4,4,3,4,3,4,4,f12,cit
f12r19,3,3,3,3,3,3,3,4,4,3,f12,cit
f12r20,4,4,3,4,4,4,4,4,4,4,f12,cit
f12r21,4,4,4,4,4,4,4,4,4,4,f12,cit
f12r22,4,4,4,4,4,4,4,4,4,4,f12,cit
f12r23,4,4,4,4,4,4,4,4,4,4,f12,cit
f12r24,4,4,4,4,4,4,4,4,4,4,f12,cit
f13r01,4,4,4,4,4,4,4,4,4,4,f13,cit
f13r02,4,4,4,4,4,4,4,4,4,4,f13,cit
f13r03,4,4,4,4,4,4,4,4,4,4,f13,cit
f13r04,4,4,4,4,4,4,4,4,4,4,f13,cit
f13r05,4,4,4,4,4,4,4,4,4,4,f13,cit
f13r06,4,4,4,4,4,4,4,4,4,4,f13,cit
f13r07,4,4,4,4,4,4,4,4,4,4,f13,cit
f13r08,4,4,4,4,4,4,4,4,4,4,f13,cit
f13r09,4,4,4,4,4,4,4,4,4,4,f13,cit
f13r10,4,4,4,4,4,4,4,4,4,4,f13,cit
f13r11,4,4,4,4,4,4,4,4,4,4,f13,cit
f13r12,4,4,4,4,4,4,4,4,4,4,f13,cit
f13r13,4,4,4,4,4,4,4,4,4,4,f13,cit
f13r14,4,4,4,4,4,4,4,4,4,4,f13,cit
f13r15,4,4,4,4,4,4,4,4,4,4,f13,cit
f13r16,4,4,4,4,4,4,4,4,4,4,f13,cit
f13r17,4,4,4,4,4,4,4,4,4,4,f13,cit
f13r18,4,4,4,4,4,4,4,4,4,4,f13,cit
f13r19,4,4,4,4,4,4,4,4,4,4,f13,cit
f13r20,4,4,4,4,4,4,4,4,4,4,f13,cit
f13r21,4,4,4,4,4,4,4,4,4,4,f13,cit
f13r22,4,4,4,4,4,4,4,4,4,4,f13,cit
f13r23,4,4,4,4,4,4,4,4,4,4,f13,cit
f13r24,4,4,4,4,4,4,4,4,4,4,f13,cit
f13r25,4,4,4,4,4,4,4,4,4,4,f13,cit
f13r26,4,4,4,4,4,4,4,4,4,4,f13,cit
f13r27,4,4,4,4,4,4,4,4,4,4,f13,cit
f13r28,4,4,4,4,4,4,4,4,4,4,f13,cit
f13r29,4,4,4,4,4,4,4,4,4,4,f13,cit
f13r30,4,4,4,4,4,4,4,4,4,4,f13,cit
f13r31,4,4,4,4,4,4,4,4,4,4,f13,cit
f14r01,4,4,4,4,4,4,4,4,4,4,f14,cit
f14r02,4,4,4,4,4,4,4,4,4,4,f14,cit
f14r03,4,4,4,4,4,4,4,4,4,4,f14,cit
f14r04,4,4,4,4,4,4,4,4,4,4,f14,cit
f14r05,4,4,4,4,4,4,4,4,4,4,f14,cit
f14r06,4,4,4,4,4,4,4,4,4,4,f14,cit
f14r07,4,4,4,4,4,4,4,4,4,4,f14,cit
f14r08,4,4,4,4,4,4,4,4,4,4,f14,cit
f14r09,4,4,4,4,4,4,4,4,4,4,f14,cit
f14r10,1,1,1,1,1,2,2,2,1,1,f14,cit
f14r11,4,4,4,4,4,4,4,4,4,4,f14,cit
f14r12,4,4,4,3,4,4,4,4,4,4,f14,cit
f14r13,4,4,4,4,4,4,4,4,4,4,f14,cit
f14r14,4,4,4,4,4,4,4,4,4,4,f14,cit
f14r15,4,4,4,4,4,4,4,4,4,4,f14,cit
f14r16,3,3,3,3,3,3,3,3,3,3,f14,cit
f14r17,4,4,4,4,4,4,4,4,4,4,f14,cit
f14r18,4,4,4,4,4,4,4,4,4,4,f14,cit
f14r19,4,4,4,4,4,4,4,4,4,4,f14,cit
f14r20,4,4,4,4,4,4,4,4,4,4,f14,cit
f14r21,4,4,4,4,4,4,4,4,4,4,f14,cit
f14r22,4,4,4,4,4,4,4,4,4,4,f14,cit
f14r23,4,4,4,4,4,4,4,4,4,4,f14,cit
f14r24,4,4,4,4,4,4,4,4,4,4,f14,cit
f14r25,3,3,4,4,4,4,3,4,4,4,f14,cit
f14r26,4,4,4,4,4,4,4,4,4,4,f14,cit
f14r27,4,4,4,4,4,4,4,4,4,4,f14,cit
f14r28,4,4,4,4,4,4,4,4,4,4,f14,cit
f14r29,4,4,4,4,4,4,4,4,4,4,f14,cit
f14r30,4,4,4,4,4,4,4,4,4,4,f14,cit
f14r31,4,4,4,4,4,4,4,4,4,4,f14,cit
f14r32,4,4,4,4,4,4,4,4,4,4,f14,cit
f14r33,4,4,4,4,4,4,4,4,4,4,f14,cit
f14r34,4,4,4,4,4,4,4,4,4,4,f14,cit
f14r35,4,4,4,4,4,4,4,4,4,4,f14,cit
f14r36,4,4,4,4,4,4,4,4,4,4,f14,cit
f14r37,4,4,4,4,4,4,4,4,4,4,f14,cit
f14r38,4,4,4,4,4,4,4,4,4,4,f14,cit
f15r01,4,4,4,4,4,4,4,4,4,4,f15,cit
f15r02,4,4,4,4,4,4,4,4,4,4,f15,cit
f15r03,4,4,4,4,4,4,4,4,4,4,f15,cit
f15r04,4,3,4,4,4,4,4,4,4,4,f15,cit
f15r05,4,4,4,4,4,4,4,4,4,4,f15,cit
f15r06,4,4,4,4,4,4,4,4,4,4,f15,cit
f15r07,4,4,4,4,4,4,4,4,4,4,f15,cit
f15r08,4,4,4,4,4,4,4,4,4,4,f15,cit
f15r09,3,2,3,3,2,3,3,3,3,3,f15,cit
f15r10,4,4,4,4,4,4,4,4,4,4,f15,cit
f15r11,4,4,4,4,4,4,4,4,4,4,f15,cit
f15r12,4,4,4,4,4,4,4,4,4,4,f15,cit
f15r13,4,4,4,4,4,4,4,4,4,4,f15,cit
f15r14,4,4,4,4,4,4,4,4,4,4,f15,cit
f15r15,4,4,4,4,4,4,4,4,4,4,f15,cit
f15r16,4,4,4,4,4,4,4,4,4,4,f15,cit
f15r17,4,4,4,4,4,4,4,4,4,4,f15,cit
f15r18,4,4,4,4,4,4,4,4,4,4,f15,cit
f15r19,4,4,4,4,4,4,4,4,4,4,f15,cit
f15r20,4,4,4,4,4,4,4,4,4,4,f15,cit
f15r21,4,4,4,4,4,4,4,4,4,4,f15,cit
f15r22,4,4,4,4,4,4,4,4,4,4,f15,cit
f15r23,4,4,4,4,4,4,4,4,4,4,f15,cit
f15r24,4,4,4,4,4,4,4,4,4,4,f15,cit
f15r25,4,4,4,4,4,4,4,4,4,4,f15,cit
f15r26,4,4,4,4,4,4,4,4,4,4,f15,cit
f15r27,4,4,4,4,4,3,4,4,4,4,f15,cit
f15r28,4,4,4,4,4,4,4,4,4,4,f15,cit
f15r29,4,4,4,4,4,4,4,4,4,4,f15,cit
f15r30,4,4,4,4,4,4,4,4,4,4,f15,cit
f15r31,4,4,4,3,4,4,4,4,4,4,f15,cit
f15r32,4,4,4,4,4,4,4,4,4,4,f15,cit
f15r33,4,4,4,4,4,4,4,4,4,4,f15,cit
f15r34,4,4,4,3,3,4,4,4,4,4,f15,cit
f16r01,4,4,4,3,3,4,4,4,4,4,f16,mc
f16r02,4,4,4,4,4,4,4,4,4,4,f16,mc
f16r03,4,4,4,4,4,4,4,4,4,4,f16,mc
f16r04,3,4,4,4,4,4,3,4,3,4,f16,mc
f16r05,4,4,4,4,4,4,4,4,4,4,f16,mc
f16r06,3,3,3,3,3,3,3,3,3,3,f16,mc
f16r07,4,4,4,4,4,4,4,4,4,4,f16,mc
f16r08,4,4,4,4,4,4,4,4,4,4,f16,mc
f16r09,3,3,3,3,3,3,4,4,3,3,f16,mc
f16r10,4,4,4,4,4,3,4,4,4,4,f16,mc
f16r11,4,4,4,4,4,4,4,4,4,4,f16,mc
f16r12,4,4,4,4,4,4,4,4,4,4,f16,mc
f16r13,3,3,3,3,4,4,4,4,4,4,f16,mc
f16r14,3,3,3,3,3,3,3,3,3,3,f16,mc
f16r15,4,4,4,4,4,4,4,4,4,4,f16,mc
f16r16,4,3,4,4,4,3,4,4,4,4,f16,mc
f16r17,4,4,4,4,4,4,4,4,4,4,f16,mc
f16r18,3,3,4,3,4,4,4,3,4,4,f16,mc
f16r19,4,4,4,4,4,4,4,4,4,4,f16,mc
f16r20,4,4,4,4,4,4,4,4,4,4,f16,mc
f16r21,4,4,4,4,4,4,4,4,4,4,f16,mc
f16r22,4,4,4,4,4,4,4,4,4,4,f16,mc
f16r23,4,3,3,4,4,4,4,4,4,4,f16,mc
f16r24,4,4,4,4,4,4,4,4,4,4,f16,mc
f16r25,4,4,4,4,4,4,4,4,4,4,f16,mc
f16r26,3,3,3,3,3,3,3,3,3,3,f16,mc
f16r27,4,4,4,4,4,4,4,4,4,4,f16,mc
f16r28,4,4,4,4,4,4,4,4,4,4,f16,mc
f16r29,4,4,4,4,4,4,4,3,4,4,f16,mc
f16r30,4,4,4,4,4,4,4,4,4,4,f16,mc
f16r31,3,3,3,4,3,3,3,3,3,4,f16,mc
f17r01,4,4,4,4,4,4,4,4,4,4,f17,cit
f17r02,4,4,4,4,4,4,4,4,4,4,f17,cit
f17r03,4,4,4,4,4,4,4,4,4,4,f17,cit
f17r04,4,4,4,4,4,4,4,4,4,4,f17,cit
f17r05,4,4,4,4,4,4,4,4,4,4,f17,cit
f17r06,4,4,4,4,4,4,4,4,4,4,f17,cit
f17r07,4,4,4,4,4,4,4,4,4,4,f17,cit
f17r08,4,4,4,4,4,4,4,4,4,4,f17,cit
f17r09,4,4,4,4,4,4,4,4,4,4,f17,cit
f17r10,4,4,4,4,4,4,4,4,4,4,f17,cit
f17r11,4,4,4,4,4,4,4,4,4,4,f17,cit
f17r12,4,4,4,4,4,4,4,4,4,4,f17,cit
f17r13,4,4,4,4,4,4,4,4,4,4,f17,cit
f17r14,4,4,4,4,4,4,4,4,4,4,f17,cit
f17r15,4,4,4,4,4,4,4,4,4,4,f17,cit
f17r16,4,4,4,4,4,4,4,4,4,4,f17,cit
f17r17,4,4,4,4,4,4,4,4,4,4,f17,cit
f17r18,4,4,4,4,4,4,4,4,4,4,f17,cit
f17r19,4,4,4,4,4,4,4,4,4,4,f17,cit
f17r20,4,4,4,4,4,4,4,4,4,4,f17,cit
f17r21,4,4,4,4,4,4,4,4,4,4,f17,cit
f17r22,4,4,4,4,4,4,4,4,4,4,f17,cit
f18r01,4,4,4,4,4,4,4,4,4,4,f18,cit
f18r02,4,4,4,4,4,4,4,4,4,4,f18,cit
f18r03,4,4,4,4,4,4,4,4,4,4,f18,cit
f18r04,4,4,4,4,4,4,4,4,4,4,f18,cit
f18r05,4,4,4,4,4,4,4,4,4,4,f18,cit
f18r06,4,4,4,4,4,4,4,3,3,4,f18,cit
f18r07,4,4,4,4,4,4,4,4,4,4,f18,cit
f18r08,4,4,4,4,4,4,4,4,4,4,f18,cit
f18r09,4,4,4,4,4,4,4,4,4,4,f18,cit
f18r10,4,4,4,4,4,4,4,4,4,4,f18,cit
f18r11,3,4,3,4,3,4,3,4,3,4,f18,cit
f18r12,4,4,4,4,4,4,4,4,4,4,f18,cit
f18r13,4,4,4,4,4,4,4,4,4,4,f18,cit
f18r14,4,4,4,4,4,4,4,4,4,4,f18,cit
f18r15,4,4,4,4,4,4,4,4,4,4,f18,cit
f18r16,4,4,4,4,4,4,4,4,4,4,f18,cit
f18r17,4,4,4,4,4,4,4,4,4,4,f18,cit
f18r18,4,4,4,4,4,4,4,4,4,4,f18,cit
f18r19,4,4,4,4,4,4,4,4,4,4,f18,cit
f18r20,4,4,4,4,4,4,4,4,4,4,f18,cit
f18r21,4,4,4,4,4,4,4,4,4,4,f18,cit
f18r22,4,4,4,4,4,4,4,4,4,4,f18,cit
f18r23,3,3,4,4,4,4,3,4,4,4,f18,cit
f18r24,4,4,4,4,4,4,4,4,4,4,f18,cit
f18r25,4,4,4,4,4,4,4,4,4,4,f18,cit
f19r01,4,4,4,4,4,4,4,4,4,4,f19,cit
f19r02,3,3,4,4,4,4,4,4,4,3,f19,cit
f19r03,4,4,4,4,4,4,4,4,4,4,f19,cit
f19r04,4,4,4,4,4,4,4,4,4,4,f19,cit
f19r05,4,4,4,4,4,4,4,4,4,4,f19,cit
f19r06,4,4,4,4,4,4,4,4,4,4,f19,cit
f19r07,3,4,3,4,3,4,3,4,3,4,f19,cit
f19r08,3,3,4,4,4,4,4,4,4,4,f19,cit
f19r09,4,4,4,4,4,4,4,4,4,4,f19,cit
f19r10,4,4,4,4,4,4,4,4,4,4,f19,cit
f19r11,4,4,4,4,4,4,4,4,4,4,f19,cit
f19r12,4,4,4,4,4,4,4,4,4,4,f19,cit
f19r13,4,4,4,4,4,4,4,4,4,4,f19,cit
f19r14,4,4,4,4,4,4,4,4,4,4,f19,cit
f19r15,4,4,4,4,4,4,4,4,4,4,f19,cit
f19r16,4,4,4,4,4,4,4,4,4,4,f19,cit
f19r17,4,4,4,4,4,4,4,4,4,4,f19,cit
f19r18,4,4,4,4,4,4,4,4,4,4,f19,cit
f19r19,4,4,4,4,4,4,4,4,4,4,f19,cit
f19r20,4,4,4,4,4,4,4,4,4,4,f19,cit
f19r21,4,3,3,4,3,3,4,3,3,3,f19,cit
f19r22,4,4,4,4,4,4,4,4,4,4,f19,cit
f19r23,4,4,4,4,4,4,4,4,4,4,f19,cit
f19r24,4,4,4,4,4,4,4,4,4,4,f19,cit
f19r25,4,4,4,4,4,4,4,4,4,4,f19,cit
f19r26,4,4,4,4,4,4,4,4,4,4,f19,cit
f19r27,4,4,4,4,4,4,4,4,4,4,f19,cit
f19r28,3,3,4,3,4,4,4,4,4,4,f19,cit
f19r29,4,4,4,4,4,4,4,4,4,4,f19,cit
f19r30,4,4,4,4,4,4,4,4,4,4,f19,cit
f19r31,4,4,4,4,4,4,4,4,4,4,f19,cit
f19r32,4,4,4,4,4,4,4,4,4,4,f19,cit
f19r33,4,4,4,4,4,4,4,4,4,4,f19,cit
f19r34,3,3,3,3,3,4,3,3,4,3,f19,cit
f19r35,4,4,4,4,4,4,4,4,4,4,f19,cit
f19r36,4,4,4,4,4,4,4,4,4,4,f19,cit
f19r37,4,4,4,4,4,4,4,4,4,4,f19,cit
f19r38,4,4,4,4,4,4,4,4,4,4,f19,cit
f19r39,4,4,4,4,4,4,4,4,4,4,f19,cit
f19r40,4,4,4,4,4,4,4,4,4,4,f19,cit
f19r41,4,4,4,4,4,4,4,4,4,4,f19,cit
f20r01,4,4,4,4,4,4,4,4,4,4,f20,cit
f20r02,4,4,4,4,4,4,4,4,4,4,f20,cit
f20r03,4,4,4,4,4,4,4,4,4,4,f20,cit
f20r04,4,4,4,4,4,4,4,4,4,4,f20,cit
f20r05,4,4,4,4,4,4,4,4,4,4,f20,cit
f20r06,4,4,4,4,4,4,3,4,4,4,f20,cit
f20r07,4,4,4,4,4,4,4,4,4,4,f20,cit
f20r08,4,4,4,4,4,4,4,4,4,4,f20,cit
f20r09,4,4,4,4,4,4,4,4,4,4,f20,cit
f20r10,4,4,4,4,4,4,4,4,4,4,f20,cit
f20r11,4,4,4,4,4,4,4,4,4,4,f20,cit
f20r12,4,4,4,4,4,4,4,4,4,4,f20,cit
f20r13,4,4,4,4,4,4,4,4,4,4,f20,cit
f20r14,4,4,4,4,4,4,4,4,4,4,f20,cit
f20r15,4,4,4,4,4,4,4,4,4,4,f20,cit
f21r01,4,4,4,4,4,4,4,4,4,4,f21,vcd
f21r02,4,4,4,4,4,4,4,4,4,4,f21,vcd
f21r03,4,4,4,4,4,4,4,4,4,4,f21,vcd
f21r04,4,4,4,4,4,4,4,4,4,4,f21,vcd
f21r05,4,4,4,4,4,4,4,4,4,4,f21,vcd
f21r06,4,4,4,4,4,4,4,4,4,4,f21,vcd
f21r07,4,4,4,4,4,4,4,4,4,4,f21,vcd
f21r08,4,4,4,4,4,4,4,4,4,4,f21,vcd
f21r09,4,4,4,4,4,4,4,4,4,4,f21,vcd
f21r10,4,4,4,4,4,4,4,4,4,4,f21,vcd
f21r11,4,4,4,4,4,4,4,4,4,4,f21,vcd
f21r12,4,4,4,4,4,4,4,4,4,4,f21,vcd
f21r13,4,4,4,4,4,4,4,4,4,4,f21,vcd
f21r14,4,4,4,4,4,4,4,4,4,4,f21,vcd
f21r15,3,4,4,3,3,4,4,4,4,3,f21,vcd
f21r16,4,4,4,4,4,4,4,4,4,4,f21,vcd
f21r17,4,4,4,4,4,4,4,4,4,4,f21,vcd
f21r18,4,4,4,4,4,4,4,4,4,4,f21,vcd
f21r19,4,4,4,4,4,4,4,4,4,4,f21,vcd
f21r20,4,4,4,4,4,4,4,4,4,4,f21,vcd
f22r01,4,4,4,4,4,4,4,4,4,4,f22,cit
f22r01,4,4,4,4,4,4,4,4,4,4,f22,cit
f22r01,4,4,4,4,4,4,4,4,4,4,f22,cit
f22r01,4,4,4,4,4,4,4,4,4,4,f22,cit
f22r01,4,4,4,4,4,4,4,4,4,4,f22,cit
f22r01,4,4,4,4,4,4,4,4,4,4,f22,cit
f22r01,4,4,4,4,4,4,4,4,4,4,f22,cit
f22r01,4,4,4,4,4,4,4,4,4,4,f22,cit
f22r01,4,4,4,4,4,4,4,4,4,4,f22,cit
f22r01,4,4,4,4,4,4,4,4,4,4,f22,cit
f22r01,4,4,4,4,4,4,4,4,4,4,f22,cit
f22r01,4,4,4,4,4,4,4,4,4,4,f22,cit
f22r01,4,4,4,4,4,4,4,4,4,4,f22,cit
f22r01,4,4,4,4,4,4,4,4,4,4,f22,cit
f22r01,4,4,4,4,4,4,4,4,4,4,f22,cit
f22r01,4,4,4,4,4,4,4,4,4,4,f22,cit
f22r01,4,4,4,4,4,4,4,4,4,4,f22,cit
f22r01,4,4,4,4,4,4,4,4,4,4,f22,cit
f22r01,4,4,4,4,4,4,4,4,4,4,f22,cit
f22r01,4,4,4,4,4,4,4,4,4,4,f22,cit
f23r01,4,4,4,4,4,4,4,4,4,4,f23,vcd
f23r02,4,4,4,4,4,4,4,4,4,4,f23,vcd
f23r03,4,4,4,4,4,4,4,4,4,4,f23,vcd
f23r04,4,4,4,4,4,4,4,4,4,4,f23,vcd
f23r05,4,4,4,4,4,4,4,4,4,4,f23,vcd
f23r06,4,4,4,4,4,4,4,4,4,4,f23,vcd
f23r07,4,4,4,4,4,4,4,4,4,4,f23,vcd
f23r08,4,4,4,4,4,4,4,4,4,4,f23,vcd
f23r09,4,4,4,4,4,4,4,4,4,4,f23,vcd
f23r10,4,4,4,4,4,4,4,4,4,4,f23,vcd
f23r11,4,4,4,4,4,4,4,4,4,4,f23,vcd
f23r12,4,4,4,4,4,4,4,4,4,4,f23,vcd
f23r13,4,4,4,4,4,4,4,4,4,4,f23,vcd
f23r14,4,4,4,4,4,4,4,4,4,4,f23,vcd
f23r15,4,3,4,4,4,4,4,4,4,4,f23,vcd
f23r16,4,4,4,4,4,4,4,4,4,4,f23,vcd
f23r17,4,4,4,4,4,4,4,4,4,4,f23,vcd
f23r18,4,4,4,4,4,4,4,4,4,4,f23,vcd
f23r19,4,4,4,4,4,4,4,4,4,4,f23,vcd
f23r20,4,4,4,4,4,4,4,4,4,4,f23,vcd
f24r01,4,4,4,4,4,4,4,4,4,4,f24,cit
f24r02,4,4,4,4,4,4,4,4,4,4,f24,cit
f24r03,4,4,4,4,4,4,4,4,4,4,f24,cit
f24r04,4,4,4,4,4,4,4,4,4,4,f24,cit
f24r05,4,4,4,4,4,4,4,4,4,4,f24,cit
f24r06,4,4,4,4,4,4,4,4,4,4,f24,cit
f24r07,4,4,4,4,4,4,4,4,4,4,f24,cit
f24r08,4,4,4,4,4,4,4,4,4,4,f24,cit
f24r09,4,4,4,4,4,4,4,4,4,4,f24,cit
f24r10,4,4,4,4,4,4,4,4,4,4,f24,cit
f24r11,4,4,4,4,4,4,4,4,4,4,f24,cit
f24r12,4,4,4,4,4,4,4,4,4,4,f24,cit
f24r13,4,4,4,4,4,4,4,4,4,4,f24,cit
f24r14,4,4,4,4,4,4,4,4,4,4,f24,cit
f24r15,4,4,4,4,4,4,4,4,4,4,f24,cit
f24r16,4,4,4,4,4,4,4,4,4,4,f24,cit
f24r17,4,4,4,4,4,4,4,4,4,4,f24,cit
f24r18,4,4,4,4,4,4,4,4,4,4,f24,cit
f24r19,4,4,4,4,4,4,4,4,4,4,f24,cit
f24r20,4,4,4,4,4,4,4,4,4,4,f24,cit
f24r21,4,4,4,4,4,4,4,4,4,4,f24,cit
f24r22,4,4,4,4,4,4,4,4,4,4,f24,cit
f24r23,4,4,4,4,4,4,4,4,4,4,f24,cit
f24r24,4,4,4,4,4,4,4,4,4,4,f24,cit
f24r25,4,4,4,4,4,4,4,4,4,4,f24,cit
f24r26,4,4,4,4,4,4,4,4,4,4,f24,cit
f24r27,4,4,4,4,4,4,4,4,4,4,f24,cit
f24r28,4,4,4,4,4,4,4,4,4,4,f24,cit
f24r29,4,4,4,4,4,4,4,4,4,4,f24,cit
f24r30,4,4,4,4,4,4,4,4,4,4,f24,cit
f25r01,4,4,4,4,4,4,4,4,4,4,f25,cit
f25r02,4,4,4,4,4,4,4,4,4,4,f25,cit
f25r03,4,4,4,4,4,4,4,4,4,4,f25,cit
f25r04,4,4,4,4,4,4,4,4,4,4,f25,cit
f25r05,4,4,4,4,4,4,4,4,4,4,f25,cit
f25r06,4,4,4,4,4,4,4,4,4,4,f25,cit
f25r07,4,4,4,4,4,4,4,4,4,4,f25,cit
f25r08,4,4,4,4,4,4,4,4,4,4,f25,cit
f25r09,3,4,3,4,3,4,3,4,3,4,f25,cit
f25r10,4,4,4,4,4,4,4,4,4,4,f25,cit
f25r11,4,4,4,4,4,4,4,4,4,4,f25,cit
f25r12,4,4,4,4,4,4,4,4,4,4,f25,cit
f25r13,4,4,4,4,4,4,4,4,4,4,f25,cit
f25r14,4,4,4,4,4,4,4,4,4,4,f25,cit
f25r15,4,4,4,4,4,4,4,4,4,4,f25,cit
f25r16,4,4,4,4,4,4,4,4,4,4,f25,cit
f25r17,4,4,4,4,4,4,4,4,4,4,f25,cit
f26r01,4,4,4,4,4,4,4,4,4,4,f26,cit
f26r02,4,4,4,4,4,4,4,4,4,4,f26,cit
f26r03,4,4,4,4,4,4,4,4,4,4,f26,cit
f26r04,4,4,4,4,4,4,4,4,4,4,f26,cit
f26r05,4,4,4,4,4,4,4,4,4,4,f26,cit
f26r06,4,4,4,4,4,4,4,4,4,4,f26,cit
f26r07,4,4,4,4,4,4,4,4,4,4,f26,cit
f26r08,4,4,4,4,4,4,4,4,4,4,f26,cit
f26r09,4,4,4,4,4,4,4,4,3,4,f26,cit
f26r10,4,4,4,4,4,4,4,4,4,4,f26,cit
f26r11,4,4,4,4,4,4,4,4,4,4,f26,cit
f26r12,4,4,4,4,4,4,4,4,4,4,f26,cit
f26r13,4,4,4,4,4,4,4,4,4,4,f26,cit
f26r14,4,4,4,4,4,4,4,4,4,4,f26,cit
f26r15,4,4,4,4,4,4,4,4,4,4,f26,cit
f26r16,4,4,4,4,4,4,4,4,4,4,f26,cit
f26r17,4,4,4,4,4,4,4,4,4,4,f26,cit
f26r18,4,4,4,4,4,4,4,4,4,4,f26,cit
f26r19,4,4,4,4,4,4,4,4,4,4,f26,cit
f26r20,4,4,4,4,4,4,4,4,4,4,f26,cit
f26r21,4,4,4,4,4,4,4,4,4,4,f26,cit
f26r22,4,4,4,4,4,4,4,4,4,4,f26,cit
f26r23,4,4,4,4,4,4,4,4,4,4,f26,cit
f26r24,4,4,4,4,4,4,4,4,4,4,f26,cit
f26r25,3,4,3,3,3,3,4,3,3,3,f26,cit
f26r26,4,4,4,4,4,4,4,4,4,4,f26,cit
f26r27,4,4,4,4,4,4,4,4,4,4,f26,cit
f26r28,4,4,4,4,4,4,4,4,3,4,f26,cit
f26r29,4,4,4,4,4,4,4,4,4,4,f26,cit
f26r30,4,4,4,4,4,4,4,4,4,4,f26,cit
f26r31,4,4,4,4,4,4,4,4,4,4,f26,cit
f26r32,4,4,4,4,4,4,4,4,4,4,f26,cit
f27r01,4,4,4,4,4,4,4,4,4,4,f27,cit
f27r02,4,4,4,4,4,4,4,4,4,4,f27,cit
f27r03,4,4,4,4,4,4,4,4,4,4,f27,cit
f27r04,4,4,4,4,4,4,4,4,4,4,f27,cit
f27r05,4,4,4,4,4,4,4,4,4,4,f27,cit
f27r06,4,4,4,4,4,4,4,4,4,4,f27,cit
f27r07,4,4,4,4,4,4,4,4,4,4,f27,cit
f27r08,3,2,4,4,4,4,4,3,4,4,f27,cit
f27r09,4,4,4,4,4,4,4,4,4,4,f27,cit
f27r10,4,4,4,4,4,4,4,4,4,4,f27,cit
f27r11,3,3,3,3,3,3,3,3,3,3,f27,cit
f27r12,4,4,4,4,4,4,4,4,4,4,f27,cit
f27r13,4,4,4,4,4,4,4,4,4,4,f27,cit
f27r14,4,4,4,4,4,4,4,4,4,4,f27,cit
f27r15,4,4,4,4,4,4,4,4,4,4,f27,cit
f27r16,4,4,4,4,4,4,4,4,4,4,f27,cit
f27r17,4,4,4,4,4,4,4,4,4,4,f27,cit
f27r18,4,4,4,4,4,4,4,4,4,4,f27,cit
f27r19,4,4,4,4,4,4,4,4,4,4,f27,cit
f27r20,4,4,4,4,4,4,4,4,4,4,f27,cit
f28r01,3,3,2,2,3,2,2,3,2,4,f28,vcd
f28r02,3,3,4,4,4,3,4,2,4,4,f28,vcd
f28r03,3,2,3,4,3,2,3,3,4,4,f28,vcd
f28r04,3,3,3,3,3,3,3,3,3,3,f28,vcd
f28r05,4,4,4,3,4,4,4,3,4,3,f28,vcd
f28r06,4,4,4,4,4,4,4,4,4,4,f28,vcd
f28r07,4,4,4,4,4,4,4,4,4,4,f28,vcd
f28r08,4,4,4,4,4,4,4,4,4,4,f28,vcd
f28r09,4,3,4,4,4,4,4,4,4,4,f28,vcd
f28r10,4,4,4,4,4,4,4,4,4,4,f28,vcd
f28r11,4,4,4,4,4,4,4,4,4,4,f28,vcd
f28r12,3,3,3,3,3,3,3,2,3,3,f28,vcd
f28r13,4,3,3,4,4,3,3,2,4,4,f28,vcd
f28r14,3,3,4,4,4,4,3,2,3,4,f28,vcd
f28r15,4,4,4,4,4,4,4,4,4,4,f28,vcd
f28r16,4,4,4,4,4,4,4,4,4,4,f28,vcd
f28r17,4,4,4,4,4,4,4,4,4,4,f28,vcd
f28r18,4,4,4,4,4,4,4,4,4,4,f28,vcd
f29r01,4,4,4,4,4,4,4,4,4,4,f29,mc
f29r02,4,4,4,4,4,4,4,4,4,4,f29,mc
f29r03,4,4,4,4,4,4,4,4,4,4,f29,mc
f29r04,4,4,4,4,4,4,4,4,4,4,f29,mc
f29r05,4,4,4,4,4,4,4,4,4,4,f29,mc
f29r06,4,4,4,4,4,4,4,4,4,4,f29,mc
f29r07,4,4,4,4,4,4,4,4,4,4,f29,mc
f29r08,4,4,4,4,4,4,4,4,4,4,f29,mc
f29r09,4,4,4,4,4,4,4,4,4,4,f29,mc
f29r10,4,4,4,4,4,4,4,4,4,4,f29,mc
f29r11,4,4,4,4,4,4,4,4,4,4,f29,mc
f29r12,4,4,4,4,4,4,4,4,4,4,f29,mc
f29r13,4,4,4,4,4,4,4,4,4,4,f29,mc
f29r14,3,4,3,4,3,4,4,3,3,3,f29,mc
f29r15,4,4,4,4,4,4,4,4,4,4,f29,mc
f29r16,4,4,4,4,4,4,4,4,4,4,f29,mc
f29r17,4,4,4,4,4,4,4,4,4,4,f29,mc
f29r18,4,4,4,4,4,4,4,4,4,4,f29,mc
f29r19,4,4,4,4,4,4,3,4,3,4,f29,mc
f29r20,4,4,4,4,4,4,4,4,4,4,f29,mc
f29r21,4,4,4,4,4,4,4,4,4,4,f29,mc
f29r22,4,4,4,4,4,4,4,4,4,4,f29,mc
f29r23,4,4,4,4,4,4,4,4,4,4,f29,mc
f29r24,4,4,4,4,4,4,4,4,4,4,f29,mc
f29r25,4,4,4,3,3,4,4,4,4,4,f29,mc
f29r26,4,4,4,4,4,3,4,4,4,4,f29,mc
f29r27,4,4,4,4,4,4,4,4,4,4,f29,mc
f29r28,4,4,4,4,4,4,4,4,4,4,f29,mc
f29r29,4,4,4,4,4,4,4,4,4,4,f29,mc
f29r30,4,4,4,4,4,4,4,4,4,4,f29,mc
f29r31,4,4,4,3,3,4,4,4,4,4,f29,mc
f30r01,4,4,4,4,4,4,4,4,4,4,f30,mc
f30r02,4,4,4,4,4,4,4,4,4,4,f30,mc
f30r03,4,4,4,4,4,4,4,4,4,4,f30,mc
f30r04,4,3,4,4,4,4,4,4,4,4,f30,mc
f30r05,4,4,4,4,4,4,4,4,4,4,f30,mc
f30r06,4,4,4,4,4,4,4,4,4,4,f30,mc
f30r07,4,4,4,4,4,4,4,4,3,4,f30,mc
f30r08,4,4,4,4,4,4,4,4,4,4,f30,mc
f30r09,4,4,4,4,4,4,4,4,4,4,f30,mc
f30r10,4,4,4,4,4,4,4,4,4,4,f30,mc
f30r11,4,4,4,4,4,4,4,4,4,4,f30,mc
f30r12,4,4,4,4,4,4,4,4,4,4,f30,mc
f30r13,3,3,3,3,3,3,3,3,4,3,f30,mc
f30r14,4,4,4,4,4,4,4,4,4,4,f30,mc
f30r15,4,4,4,4,4,4,4,4,4,4,f30,mc
f30r16,4,4,4,4,4,4,4,4,4,4,f30,mc
f30r17,4,4,4,4,4,4,4,4,4,4,f30,mc
f30r18,4,4,4,4,4,4,4,4,4,4,f30,mc
f30r19,4,4,3,3,3,4,4,4,4,4,f30,mc
f30r20,3,3,3,3,3,3,3,3,3,3,f30,mc
f31r01,4,4,4,4,4,4,4,4,4,4,f31,cit
f31r02,4,4,4,4,4,4,4,4,4,4,f31,cit
f31r03,4,4,4,4,4,4,4,4,4,4,f31,cit
f31r04,3,3,3,3,3,3,3,3,4,3,f31,cit
f31r05,4,4,4,4,4,4,4,4,4,4,f31,cit
f31r06,4,4,4,4,4,4,4,4,4,4,f31,cit
f31r07,4,4,4,4,4,4,4,4,4,4,f31,cit
f31r08,4,4,3,4,4,3,4,4,4,4,f31,cit
f31r09,4,4,4,4,4,4,3,4,4,4,f31,cit
f31r10,4,4,4,4,4,4,4,4,4,4,f31,cit
f31r11,4,4,4,4,4,4,4,4,4,4,f31,cit
f31r12,4,4,4,4,4,4,4,4,4,4,f31,cit
f31r13,4,4,4,4,4,4,4,4,4,4,f31,cit
f31r14,4,4,4,4,4,4,4,4,4,4,f31,cit
f31r15,4,4,4,4,4,4,4,4,4,4,f31,cit
f31r16,4,4,4,4,4,4,4,4,4,4,f31,cit
f31r17,4,4,4,4,4,4,4,4,4,4,f31,cit
f31r18,4,4,4,4,4,4,4,4,4,4,f31,cit
f31r19,4,4,4,4,4,4,4,4,4,4,f31,cit
f31r20,4,4,4,4,4,4,4,4,4,4,f31,cit
f31r21,4,4,4,4,4,4,4,4,4,4,f31,cit
f31r22,4,4,4,4,4,4,4,4,4,4,f31,cit
f31r23,4,4,4,4,4,4,4,4,4,4,f31,cit
f31r24,4,4,4,4,4,4,4,4,4,4,f31,cit
f31r25,4,4,4,4,4,4,4,4,4,4,f31,cit
f31r26,4,4,4,4,4,4,4,4,4,4,f31,cit
f31r27,4,4,4,4,4,4,4,4,4,4,f31,cit
f31r28,4,4,4,4,4,4,4,4,4,4,f31,cit
f31r29,4,4,4,4,4,4,4,4,4,4,f31,cit
f31r30,2,3,3,4,2,3,4,3,3,3,f31,cit
f31r31,4,4,4,4,4,4,4,4,4,4,f31,cit
f31r32,4,4,4,4,4,4,4,4,4,4,f31,cit
f31r33,4,4,4,4,4,4,4,4,4,4,f31,cit
f32r01,4,4,4,4,4,4,4,4,4,4,f32,gs
f32r02,4,4,4,4,4,4,4,4,4,4,f32,gs
f32r03,4,4,4,4,4,4,4,4,4,4,f32,gs
f32r04,4,4,4,4,4,4,4,4,4,4,f32,gs
f32r05,4,4,4,4,4,4,4,4,4,4,f32,gs
f32r06,4,4,4,4,4,4,4,4,4,4,f32,gs
f32r07,4,4,4,4,4,4,4,4,4,4,f32,gs
f32r08,4,4,4,4,4,4,4,4,4,4,f32,gs
f32r09,4,4,4,4,4,4,4,4,4,4,f32,gs
f32r10,4,4,4,4,4,4,4,4,4,4,f32,gs
f32r11,4,4,4,4,4,4,4,4,4,4,f32,gs
f32r12,4,4,4,4,4,4,4,4,4,4,f32,gs
f32r13,4,4,4,4,4,4,4,4,4,4,f32,gs
f32r14,4,4,4,4,4,4,4,4,4,4,f32,gs
f32r15,4,4,4,4,4,4,4,4,4,4,f32,gs
f32r16,4,4,4,4,4,4,4,4,4,4,f32,gs
f32r17,3,3,3,4,4,4,4,3,4,4,f32,gs
f32r18,4,4,4,4,4,4,4,4,4,4,f32,gs
f32r19,4,4,4,4,4,4,4,4,4,4,f32,gs
f32r20,4,4,4,4,4,4,4,4,4,4,f32,gs
f32r21,4,4,4,4,4,4,4,4,4,4,f32,gs
f32r22,4,4,4,4,4,4,4,4,4,4,f32,gs
f33r01,3,3,3,3,3,3,3,3,3,3,f33,cit
f33r02,4,4,4,4,4,4,4,4,4,4,f33,cit
f33r03,4,4,4,4,4,4,4,4,4,4,f33,cit
f33r04,3,4,4,4,4,4,4,4,4,4,f33,cit
f33r05,4,4,4,4,4,4,4,4,4,4,f33,cit
f33r06,3,3,4,4,4,4,4,4,4,4,f33,cit
f33r07,4,4,4,4,4,4,4,4,4,4,f33,cit
f33r08,4,4,4,4,4,4,4,4,4,4,f33,cit
f33r09,3,3,3,3,3,3,3,3,3,3,f33,cit
f33r10,4,4,4,4,4,4,4,4,4,4,f33,cit
f33r11,3,3,3,3,3,3,3,3,3,3,f33,cit
f33r12,4,4,4,4,4,4,4,4,4,4,f33,cit
f33r13,3,4,3,4,4,4,4,4,4,4,f33,cit
f33r14,3,3,4,3,3,3,3,3,3,3,f33,cit
f33r15,4,4,4,4,3,4,3,4,4,4,f33,cit
f33r16,4,4,3,4,4,4,4,4,4,3,f33,cit
f33r17,4,4,4,4,4,4,4,4,4,4,f33,cit
f33r18,3,3,3,3,3,3,3,3,3,3,f33,cit
f33r19,4,4,4,4,4,4,4,4,4,4,f33,cit
f33r20,4,4,4,4,4,4,3,3,3,4,f33,cit
f33r21,3,3,3,3,3,3,3,3,3,3,f33,cit
f33r22,4,4,4,3,4,4,3,4,4,4,f33,cit
f33r23,3,3,3,3,3,3,3,3,3,3,f33,cit
f33r24,4,4,4,4,4,4,4,4,4,4,f33,cit
f33r25,3,3,4,4,3,4,3,4,4,4,f33,cit
f33r26,4,4,4,4,3,4,3,3,4,4,f33,cit
f33r27,4,4,4,4,4,4,4,4,4,4,f33,cit
f33r28,4,4,4,4,4,4,4,2,4,4,f33,cit
f33r29,4,4,4,4,4,4,4,4,4,4,f33,cit
f33r30,4,4,4,4,4,4,4,4,4,4,f33,cit
f33r31,4,4,4,4,4,4,4,3,3,4,f33,cit
f33r32,4,4,4,4,4,4,4,4,4,4,f33,cit
f33r33,3,3,4,3,3,3,3,3,3,4,f33,cit
f33r34,4,4,4,4,4,3,4,3,4,4,f33,cit
f33r35,4,4,4,4,4,4,4,4,4,4,f33,cit
f33r36,4,4,4,4,4,4,4,4,4,4,f33,cit
f34r01,4,4,4,4,4,4,4,4,4,4,f34,cit
f34r02,4,4,4,4,4,4,4,4,4,4,f34,cit
f34r03,4,4,4,4,4,4,4,4,4,4,f34,cit
f34r04,4,4,4,4,4,4,4,4,4,4,f34,cit
f34r05,4,4,4,4,4,4,4,4,4,4,f34,cit
f34r06,4,4,4,4,4,4,4,4,4,4,f34,cit
f34r07,4,4,4,4,4,4,4,4,4,4,f34,cit
f34r08,4,4,4,4,4,4,4,4,4,4,f34,cit
f34r09,4,4,4,4,4,4,4,4,4,4,f34,cit
f34r10,4,4,4,4,4,4,4,4,4,4,f34,cit
f34r11,4,4,4,4,4,4,4,4,4,4,f34,cit
f34r12,3,4,3,3,4,3,4,4,3,3,f34,cit
f34r13,4,4,4,4,4,4,4,4,4,4,f34,cit
f34r14,4,4,4,4,4,4,4,4,4,4,f34,cit
f34r15,4,4,4,4,4,4,4,4,4,4,f34,cit
f34r16,4,4,4,4,4,4,4,4,4,4,f34,cit
f34r17,4,4,4,4,4,4,4,4,4,4,f34,cit
f35r01,4,4,4,4,4,4,4,4,4,,f35,gs
f35r02,4,4,4,4,4,4,4,4,4,,f35,gs
f35r03,4,4,4,4,4,4,4,4,4,,f35,gs
f35r04,4,4,4,4,4,4,4,4,4,,f35,gs
f35r05,4,4,4,4,4,4,4,4,4,,f35,gs
f35r06,4,4,4,4,4,4,4,4,4,,f35,gs
f35r07,4,4,4,4,4,4,4,4,4,,f35,gs
f35r08,4,4,4,4,4,4,4,4,4,,f35,gs
f35r09,4,4,4,4,4,4,4,4,4,,f35,gs
f35r10,4,4,4,4,4,4,4,4,4,,f35,gs
f35r11,4,4,3,4,4,4,4,4,4,,f35,gs
f35r12,4,4,4,4,4,4,4,4,4,,f35,gs
f35r13,4,4,4,4,4,4,4,4,4,,f35,gs
f35r14,4,4,4,4,4,4,4,4,4,,f35,gs
f35r15,4,4,4,4,4,4,4,4,4,,f35,gs
f35r16,4,4,4,4,4,4,4,4,4,,f35,gs
f36r01,4,4,4,4,4,4,4,4,4,,f36,gs
f36r02,4,4,4,4,4,4,4,4,4,,f36,gs
f36r03,4,4,4,4,4,4,4,4,4,,f36,gs
f36r04,4,4,4,4,4,4,4,4,4,,f36,gs
f36r05,4,4,4,4,4,4,4,4,4,,f36,gs
f36r06,4,4,4,4,4,4,4,4,4,,f36,gs
f36r07,4,4,4,4,4,4,4,4,4,,f36,gs
f36r08,4,4,4,4,4,4,4,4,4,,f36,gs
f36r09,4,4,4,4,4,4,4,4,4,,f36,gs
f36r10,4,4,4,4,4,4,4,4,4,,f36,gs
f36r11,4,4,4,4,4,4,4,4,4,,f36,gs
f36r12,4,4,4,4,4,4,4,4,4,,f36,gs
f36r13,4,4,4,4,4,4,4,4,4,,f36,gs
f36r14,4,4,4,4,4,4,4,4,4,,f36,gs
f36r15,4,4,4,4,4,4,4,4,4,,f36,gs
f37r01,4,4,4,4,4,4,4,4,4,4,f37,vcd
f37r02,4,4,4,4,4,4,4,4,4,4,f37,vcd
f37r03,3,3,4,4,4,4,4,4,4,4,f37,vcd
f37r04,3,4,4,3,3,4,4,4,4,4,f37,vcd
f37r05,4,4,4,4,4,4,4,4,4,4,f37,vcd
f37r06,4,4,4,4,4,4,4,4,4,4,f37,vcd
f37r07,4,4,4,4,4,4,4,4,4,4,f37,vcd
f37r08,4,4,4,4,4,4,4,4,4,4,f37,vcd
f37r09,4,4,4,4,4,4,4,4,4,4,f37,vcd
f37r10,4,4,4,4,4,4,4,4,4,4,f37,vcd
f37r11,4,4,4,4,4,4,4,4,4,4,f37,vcd
f37r12,4,4,4,4,4,4,4,4,4,4,f37,vcd
f37r13,4,4,4,4,4,4,4,4,4,4,f37,vcd
f37r14,3,3,4,3,4,4,4,3,3,3,f37,vcd
f37r15,4,4,4,4,4,4,4,4,4,4,f37,vcd
f37r16,4,4,4,4,4,4,4,4,4,4,f37,vcd
f37r17,4,3,3,3,3,4,4,2,4,3,f37,vcd
f37r18,4,4,4,4,4,4,4,4,4,4,f37,vcd
f38r01,4,4,4,4,4,4,4,4,4,4,f38,vcd
f38r02,4,4,4,4,4,4,4,4,4,4,f38,vcd
f38r03,4,4,4,4,4,4,4,4,4,4,f38,vcd
f38r04,4,4,4,4,4,4,4,4,4,4,f38,vcd
f38r05,4,4,4,4,4,4,4,4,4,4,f38,vcd
f38r06,4,4,4,4,4,4,4,4,4,4,f38,vcd
f38r07,4,4,4,4,4,4,4,4,4,4,f38,vcd
f38r08,4,4,4,4,4,4,4,4,4,4,f38,vcd
f38r09,4,4,4,4,4,4,4,4,4,4,f38,vcd
f38r10,4,4,4,4,4,4,4,4,4,4,f38,vcd
f38r11,4,4,4,4,4,4,4,4,4,4,f38,vcd
f38r12,4,4,4,4,4,4,4,4,4,4,f38,vcd
f38r13,4,4,4,4,4,4,4,4,4,4,f38,vcd
f38r14,4,4,4,4,4,4,4,4,4,4,f38,vcd
f38r15,4,4,4,4,4,4,4,4,4,4,f38,vcd
f38r16,4,4,4,4,4,4,4,4,4,4,f38,vcd
f38r17,4,4,4,4,4,4,4,4,4,4,f38,vcd
f38r18,4,4,4,4,4,4,4,4,4,4,f38,vcd
f38r19,3,4,4,3,4,4,4,3,4,3,f38,vcd
f39r01,4,3,4,3,3,4,3,4,4,4,f39,cit
f39r02,3,3,3,4,4,4,4,4,4,3,f39,cit
f39r03,4,4,4,4,4,4,4,4,4,4,f39,cit
f39r04,3,3,4,3,4,4,3,4,3,3,f39,cit
f39r05,4,4,4,4,4,4,4,4,4,4,f39,cit
f39r06,4,4,4,4,4,4,4,4,4,4,f39,cit
f39r07,4,4,4,4,4,4,4,4,4,4,f39,cit
f39r08,4,4,3,4,4,4,4,4,4,4,f39,cit
f39r09,4,4,4,4,4,4,4,4,4,4,f39,cit
f39r10,4,4,4,4,4,4,4,4,4,4,f39,cit
f39r11,4,4,4,4,4,4,4,4,4,4,f39,cit
f39r12,4,4,4,4,4,4,4,4,4,4,f39,cit
f39r13,4,4,4,4,4,4,4,4,4,4,f39,cit
f39r14,4,4,4,4,4,4,4,4,4,4,f39,cit
f39r15,3,4,3,3,3,4,3,3,4,3,f39,cit
f39r16,3,3,3,3,3,3,3,3,3,3,f39,cit
f39r17,4,4,4,4,4,4,4,4,4,4,f39,cit
f39r18,3,3,4,4,3,4,4,4,4,4,f39,cit
f39r19,4,4,4,4,4,4,4,4,4,4,f39,cit
f39r20,4,4,4,4,4,4,4,4,4,4,f39,cit
f39r21,4,4,4,4,4,4,4,4,4,4,f39,cit
f39r22,3,4,4,3,4,4,3,4,4,4,f39,cit
f39r23,3,3,4,3,4,4,4,4,4,4,f39,cit
f39r24,4,4,4,4,4,4,4,4,4,4,f39,cit
f39r25,4,4,4,4,4,4,4,4,4,4,f39,cit
f39r26,4,4,4,3,4,4,4,4,4,4,f39,cit
f39r27,4,4,4,4,4,4,4,4,4,4,f39,cit
f40r01,4,4,4,4,4,4,4,4,4,4,f40,cit
f40r02,4,4,4,4,4,4,4,4,4,4,f40,cit
f40r03,4,4,4,4,4,4,4,4,4,4,f40,cit
f40r04,4,3,4,4,4,4,4,4,4,4,f40,cit
f40r05,4,4,4,4,4,4,4,4,4,4,f40,cit
f40r06,4,4,4,4,4,4,4,4,4,4,f40,cit
f40r07,4,4,4,4,4,4,4,4,4,4,f40,cit
f40r08,4,4,4,4,4,4,4,4,4,4,f40,cit
f40r09,4,4,4,4,4,4,4,4,4,4,f40,cit
f40r10,3,3,3,3,3,3,3,3,3,3,f40,cit
f40r11,4,4,4,4,4,4,4,4,4,4,f40,cit
f40r12,4,4,4,4,4,4,4,4,4,4,f40,cit
f40r13,4,4,4,4,4,4,4,4,4,4,f40,cit
f40r14,4,4,4,4,4,4,4,4,4,4,f40,cit
f40r15,4,4,4,4,4,4,4,4,4,4,f40,cit
f40r16,4,4,4,4,4,4,4,4,4,4,f40,cit
f40r17,4,4,4,4,3,4,4,4,4,4,f40,cit
f40r18,4,4,4,4,4,4,4,4,4,4,f40,cit
f40r19,4,4,4,4,4,4,4,4,4,4,f40,cit
f40r20,4,4,4,4,4,4,4,4,4,4,f40,cit
f40r21,4,4,4,4,3,4,4,4,4,4,f40,cit
f40r22,4,4,4,4,4,4,4,4,4,4,f40,cit
f40r23,4,4,4,4,4,4,4,4,4,4,f40,cit
f40r24,4,4,3,4,3,4,3,3,3,4,f40,cit
f41r01,4,4,4,4,4,4,4,4,4,4,f41,cit
f41r02,4,4,4,4,4,4,4,4,4,4,f41,cit
f41r03,2,3,3,3,3,3,3,3,2,4,f41,cit
f41r04,3,3,3,4,3,3,3,3,4,4,f41,cit
f41r05,1,2,3,2,3,2,3,3,3,4,f41,cit
f41r06,4,4,4,4,4,4,4,4,4,4,f41,cit
f41r07,4,4,4,4,4,4,4,4,4,4,f41,cit
f41r08,3,2,3,3,3,3,2,3,3,3,f41,cit
f41r09,4,4,4,4,4,4,4,4,4,4,f41,cit
f41r10,4,4,4,4,4,4,4,4,4,4,f41,cit
f41r11,4,4,4,4,4,4,4,4,4,4,f41,cit
f41r12,4,2,2,4,3,4,4,2,4,4,f41,cit
f41r13,4,4,4,4,4,4,4,4,4,4,f41,cit
f41r14,3,2,3,3,3,3,2,2,3,3,f41,cit
f41r15,4,4,4,4,4,4,4,4,4,4,f41,cit
f41r16,4,4,4,4,4,4,4,4,4,4,f41,cit
f41r17,4,4,4,4,4,4,4,4,4,4,f41,cit
f41r18,2,3,3,3,3,4,4,4,4,4,f41,cit
f41r19,4,4,4,4,4,4,4,4,4,4,f41,cit
f41r20,4,4,4,4,4,4,4,4,4,4,f41,cit
f41r21,4,4,4,4,4,3,4,4,3,4,f41,cit
f41r22,4,3,4,4,4,4,4,4,4,4,f41,cit
f41r23,3,3,3,4,4,4,4,4,4,4,f41,cit
f41r24,4,4,4,4,4,4,4,4,4,4,f41,cit
f41r25,4,4,4,4,4,4,4,4,4,4,f41,cit
f41r26,4,4,4,4,4,4,4,4,4,4,f41,cit
f41r27,2,4,4,3,3,3,4,3,4,3,f41,cit
f41r28,2,2,4,4,4,4,4,3,4,4,f41,cit
f41r29,4,4,4,4,4,4,4,4,4,4,f41,cit
f41r30,4,4,4,4,4,4,4,4,4,4,f41,cit
f41r31,4,4,4,4,4,4,4,4,4,4,f41,cit
f41r32,3,3,3,3,3,3,3,3,3,3,f41,cit
f42r01,4,4,4,4,4,4,4,4,4,4,f42,cit
f42r02,3,4,3,4,3,4,3,4,3,4,f42,cit
f42r03,4,4,4,4,4,4,4,4,4,4,f42,cit
f42r04,4,4,4,4,4,4,4,4,4,4,f42,cit
f42r05,4,4,4,4,4,4,4,4,4,4,f42,cit
f42r06,4,4,4,4,4,4,4,4,4,4,f42,cit
f42r07,4,4,4,4,4,4,4,4,4,4,f42,cit
f42r08,4,4,4,4,4,4,4,4,4,4,f42,cit
f42r09,4,4,4,4,4,4,4,4,4,4,f42,cit
f42r10,4,4,4,4,4,4,4,4,4,4,f42,cit
f42r11,4,4,4,4,4,4,4,4,4,4,f42,cit
f42r12,4,4,4,4,4,4,4,4,4,4,f42,cit
f42r13,4,4,4,4,4,4,4,4,4,4,f42,cit
f42r14,4,4,4,4,4,4,4,4,4,4,f42,cit
f42r15,4,4,4,4,4,4,4,4,4,4,f42,cit
f42r16,4,4,4,4,4,4,4,4,4,4,f42,cit
f42r17,4,4,4,4,4,4,4,4,4,4,f42,cit
f42r18,4,4,4,4,4,4,4,4,4,4,f42,cit
f42r19,4,4,4,4,4,4,4,4,4,4,f42,cit
f42r20,4,4,4,4,4,4,4,4,4,4,f42,cit
f42r21,4,4,4,4,4,4,4,4,4,4,f42,cit
f42r22,4,4,4,4,4,4,4,4,4,4,f42,cit
f42r23,4,4,4,4,4,4,4,4,4,4,f42,cit
f42r24,4,4,4,4,4,4,4,4,4,4,f42,cit
f42r25,4,4,4,4,4,4,4,4,4,4,f42,cit
f42r26,4,4,4,4,4,4,4,4,4,4,f42,cit
f42r27,4,4,4,4,4,4,4,4,4,4,f42,cit
f42r28,4,4,4,4,4,4,4,4,4,4,f42,cit
f42r29,4,4,4,4,4,4,4,4,4,4,f42,cit
f42r30,4,4,4,4,4,4,4,4,4,4,f42,cit
f42r31,4,4,4,4,4,4,4,4,4,4,f42,cit
f42r32,4,4,4,4,4,4,4,4,4,4,f42,cit
f42r33,4,4,4,4,4,4,4,4,4,4,f42,cit
f42r34,4,4,4,4,4,4,4,4,4,4,f42,cit
f42r35,4,4,4,4,4,4,4,4,4,4,f42,cit
f42r36,4,4,4,4,4,4,4,4,4,4,f42,cit
f43r01,4,4,4,4,4,4,4,4,4,4,f43,cit
f43r02,4,4,4,4,4,4,4,4,4,4,f43,cit
f43r03,4,4,4,4,4,4,4,4,4,4,f43,cit
f43r04,4,4,4,4,4,4,4,4,4,4,f43,cit
f43r05,4,4,4,4,4,4,4,4,4,4,f43,cit
f43r06,4,4,4,4,4,4,4,4,4,4,f43,cit
f43r07,4,4,4,4,4,4,4,4,4,4,f43,cit
f43r08,4,4,4,4,4,4,4,4,4,4,f43,cit
f43r09,4,4,4,4,4,4,4,4,4,4,f43,cit
f43r10,4,4,4,4,4,4,4,4,4,4,f43,cit
f43r11,4,4,4,4,4,4,4,4,4,4,f43,cit
f43r12,4,4,4,4,4,4,4,4,4,4,f43,cit
f43r13,4,4,4,4,4,4,4,4,4,4,f43,cit
f43r14,4,4,4,4,4,4,4,4,4,4,f43,cit
f43r15,4,4,4,4,4,4,4,4,4,4,f43,cit
f43r16,4,4,4,4,4,4,4,4,4,4,f43,cit
f43r17,4,4,4,3,2,2,3,3,3,4,f43,cit
f43r18,4,4,4,4,4,4,4,4,4,4,f43,cit
f43r19,4,4,4,4,4,4,4,4,4,4,f43,cit
f43r20,4,4,4,4,4,4,4,4,4,4,f43,cit
f43r21,3,4,4,4,4,4,4,4,4,4,f43,cit
f43r22,4,4,4,4,4,4,4,4,4,4,f43,cit
f43r23,4,4,4,4,4,4,4,4,4,4,f43,cit
f43r24,4,4,4,4,4,4,4,4,4,4,f43,cit
f43r25,4,4,4,4,4,4,4,4,4,4,f43,cit
f43r26,4,4,4,4,4,4,4,4,4,4,f43,cit
f43r27,4,4,4,4,4,4,4,4,4,4,f43,cit
f43r28,4,4,4,4,4,4,4,4,4,4,f43,cit
f43r29,4,4,4,4,4,4,4,4,4,4,f43,cit
f43r30,4,4,4,4,4,4,4,4,4,4,f43,cit
f43r31,4,4,4,4,4,4,4,4,4,4,f43,cit
f43r32,4,4,4,4,4,4,4,4,4,4,f43,cit
f43r33,4,4,4,4,4,4,4,4,4,4,f43,cit
f44r01,4,4,4,4,4,4,4,4,4,4,f44,vcd
f44r02,4,4,4,4,4,4,4,4,4,4,f44,vcd
f44r03,3,3,4,3,3,3,4,4,3,4,f44,vcd
f44r04,4,4,4,4,4,4,4,4,4,4,f44,vcd
f44r05,4,4,4,4,4,4,4,4,4,4,f44,vcd
f44r06,4,4,4,4,4,4,4,4,4,4,f44,vcd
f44r07,4,4,4,4,4,4,3,3,4,4,f44,vcd
f44r08,3,4,3,4,3,3,4,4,4,4,f44,vcd
f44r09,4,4,4,4,4,4,4,4,4,4,f44,vcd
f44r10,4,4,4,4,4,4,4,4,4,4,f44,vcd
f44r11,4,4,4,4,4,4,4,4,4,4,f44,vcd
f44r12,4,4,2,3,3,3,4,4,4,4,f44,vcd
f44r13,4,4,4,4,4,4,4,4,4,4,f44,vcd
f44r14,4,4,4,4,4,4,4,4,4,4,f44,vcd
f44r15,4,4,4,4,4,4,4,4,4,4,f44,vcd
f44r16,4,4,4,4,4,4,4,4,4,4,f44,vcd
f44r17,4,4,4,4,4,4,4,4,4,4,f44,vcd
f44r18,4,4,4,4,4,4,4,4,4,4,f44,vcd
f44r19,3,3,3,3,3,3,3,3,3,3,f44,vcd
f44r20,4,4,4,4,4,4,4,4,4,4,f44,vcd
f45r01,4,4,4,3,4,3,4,3,4,,f45,gs
f45r02,4,4,4,3,4,4,4,4,4,,f45,gs
f45r03,4,4,4,4,4,4,4,4,4,,f45,gs
f45r04,4,4,4,4,4,4,4,4,4,,f45,gs
f45r05,4,4,4,4,4,4,4,4,4,,f45,gs
f45r06,4,4,4,4,4,4,4,4,4,,f45,gs
f45r07,4,4,4,4,4,4,4,4,4,,f45,gs
f45r08,3,3,3,3,3,3,3,3,3,,f45,gs
f45r09,4,3,4,3,4,4,4,4,4,,f45,gs
f45r10,4,4,4,4,4,4,4,4,4,,f45,gs
f45r11,4,4,4,4,4,4,4,4,4,,f45,gs
f45r12,4,4,4,4,4,4,4,4,4,,f45,gs
f45r13,3,3,3,4,3,3,3,4,3,,f45,gs
f45r14,4,4,4,4,4,4,4,4,4,,f45,gs
f45r15,4,4,4,4,4,4,4,4,4,,f45,gs
f45r16,4,4,4,4,4,4,4,4,4,,f45,gs
f45r17,4,4,4,4,4,3,4,4,4,,f45,gs
f45r18,4,4,4,4,4,4,4,4,4,,f45,gs
f45r19,4,4,4,4,4,4,4,4,4,,f45,gs
f45r20,4,4,4,4,4,4,4,4,4,,f45,gs
f45r21,4,4,4,4,4,4,4,4,4,,f45,gs
f45r22,4,4,4,4,4,4,4,4,4,,f45,gs
f45r23,4,4,4,3,4,4,4,3,4,,f45,gs
f45r24,3,3,4,3,4,4,3,4,3,,f45,gs